{
    "0.1": [
        0.30990247738566024,
        0.0,
        0.08580668438476831,
        0.08184765682685342,
        0.1940772749985574,
        0.09259200837382861,
        0.0,
        0.4554268597563556,
        0.21455920644800605,
        0.08346349855580987,
        0.4095788794325061,
        0.024775973279042074,
        0.3254193273383768,
        0.0,
        0.2041386436558716,
        0.19623583878920325,
        0.0,
        0.0,
        0.0,
        0.03964035170816921,
        0.0230314450346928,
        0.0,
        0.12752421133587555,
        0.0,
        0.22600323636586334,
        0.0,
        0.0,
        0.0,
        0.0,
        0.4108002784432303,
        0.0,
        0.1901782500945128,
        0.15239030738223644,
        0.035230117530971695,
        0.1424025111512647,
        0.020740448078501516,
        0.32921364444208895,
        0.45474485502889445,
        0.014373652785031372,
        0.34237361039833886,
        0.5227105831214357,
        0.0,
        0.18407042215667235,
        0.2666799019755458,
        0.0,
        0.4730442976834957,
        0.061635394781511976,
        0.23961551573660209,
        0.0,
        0.19714796037933405
    ],
    "0.4444444444444444": [
        0.5627458350562701,
        0.8296210278299296,
        0.6506725573286688,
        0.5638372957796327,
        0.5738020875093893,
        0.40178195491117885,
        0.8214730909976403,
        0.8057741755291716,
        0.28036486913615927,
        0.2073178751550953,
        0.1883305859760866,
        0.2664143962306114,
        0.3422806853384664,
        0.6724367759461846,
        0.8809803011336681,
        0.7454851222541362,
        0.6790423938520721,
        0.3163779495559497,
        0.2324708832010124,
        0.4578949599493426,
        0.3452507522756121,
        0.4656486664952687,
        0.2890956097111673,
        0.0,
        0.5249878191974457,
        0.5426252509094655,
        0.3816505934014047,
        0.7171460541468891,
        0.28630260746177966,
        0.5338838830407828,
        0.7034805279478169,
        0.27026609750990843,
        0.7540677798583814,
        0.6407665660761368,
        0.6038100770651516,
        0.5886165296713286,
        0.47305095149135346,
        0.7550189886739268,
        0.2990516988406376,
        0.5982740646609808,
        0.6827979521917078,
        0.662885747361889,
        0.3418402474559744,
        0.7696732858593051,
        0.6665934474054676,
        0.4017244588527406,
        0.665115780776173,
        0.326417679536884,
        0.5881224954143792,
        0.43845117729117966
    ],
    "0.7888888888888889": [
        1.0734576765673807,
        0.9192677254938906,
        0.7749384716706127,
        0.5407105712676359,
        1.1191743621031023,
        0.7455827056864381,
        0.8150876215340409,
        1.1108158089356037,
        0.6600100853406089,
        0.7286903554523526,
        0.9953900054222833,
        0.9221199427773258,
        0.5438389683483822,
        0.5601149884954022,
        0.5197877860379144,
        1.0620974760712705,
        0.33746291132807454,
        1.0627898067404562,
        0.9535601457783303,
        1.0953252124155954,
        0.6127488671972503,
        0.5530008079742876,
        0.48802297904071684,
        1.1674844012248267,
        0.8537726166334058,
        0.8737537360468906,
        1.0136554111014884,
        0.4213533095973991,
        1.0709931295903488,
        0.8352238219629518,
        1.2685077741844535,
        0.6699828173923413,
        0.6085642808597578,
        0.6431070224799753,
        0.8462595565741056,
        1.1332782804055626,
        0.8297563356690691,
        1.2250885591968315,
        1.02663025380458,
        1.215860581191358,
        0.8434777041433255,
        0.506021476550367,
        0.5434677162959101,
        1.2503626233610252,
        0.8158297758257632,
        1.203031889478569,
        1.3325896864153766,
        1.0228869389215114,
        1.088427228564284,
        0.36484160346787187
    ],
    "1.1333333333333333": [
        1.3565462706398042,
        0.6789338407954603,
        0.36422925857543637,
        0.9675875903356302,
        1.2190306397641437,
        1.367469458350869,
        0.8437132483680848,
        1.477232043778241,
        1.2322888214124077,
        0.8299482228975972,
        1.1420485904106694,
        0.8416402182508174,
        1.406199343145336,
        1.08068208862023,
        1.2392147094201642,
        1.5107215339387752,
        1.3256185755138548,
        1.3870141853188525,
        1.2389910714801768,
        1.1376520084006427,
        1.26394337571972,
        1.2353471552276436,
        1.458708896858393,
        1.2712588463235772,
        0.9653411523500698,
        1.183878690182024,
        0.9734296469121481,
        1.1848973338066122,
        1.0925077955807745,
        1.1366445604842033,
        1.2802100575773014,
        1.0206012496857002,
        1.025569309637532,
        1.2578378218235506,
        1.7278801386630989,
        1.2635721281096524,
        1.2719106873474342,
        0.8244961902979019,
        1.5027681500322059,
        1.4470921338078635,
        1.5652376342228023,
        1.2342065201483612,
        1.3916348194518546,
        1.0827033071248404,
        1.0512294140571008,
        1.2553286028358863,
        0.8699918862712325,
        1.171471456561976,
        1.4190089797240755,
        1.04816296578038
    ],
    "1.4777777777777779": [
        1.5688241810675219,
        1.2966084596486702,
        1.333808753423334,
        1.5767920520017997,
        1.4501125933393557,
        1.6874444590426665,
        2.1894149572501838,
        1.6378574549149933,
        1.2879562100059057,
        1.2513507504682808,
        1.0835505616346433,
        1.3746922600950917,
        1.3834195869865482,
        1.6732584619946036,
        1.4067811436042594,
        1.543243466833501,
        1.4906386210263742,
        1.9146461221111108,
        1.6304539909629294,
        1.1756686498366695,
        1.6762069181079289,
        1.408087428195012,
        1.37749845619144,
        1.5769925057273642,
        1.1130008031619214,
        1.4314238666284975,
        1.3729795412378176,
        1.1066058189616015,
        1.7388988400962664,
        1.5095468851691471,
        1.5289071035708386,
        1.9049918561202486,
        1.21241002136501,
        1.67649818411593,
        1.3451144488826365,
        1.5302898931092113,
        1.4776573247657394,
        1.2666118448325785,
        1.5219755653604943,
        2.037157229059942,
        1.1823550262312472,
        1.5298101996436508,
        1.5390850071226898,
        1.2492075900789792,
        1.742164412436239,
        1.8922453737078335,
        1.6466447649024343,
        1.5440722363042185,
        1.3855006766734776,
        1.878731889256632
    ],